--------------------------------------------------------
--  File created - Saturday-March-30-2024   
--------------------------------------------------------
--------------------------------------------------------
--  DDL for Sequence APPLIANCEID_SEQ
--------------------------------------------------------

   CREATE SEQUENCE  "ASSIGNMENTADMIN"."APPLIANCEID_SEQ"  MINVALUE 1 MAXVALUE 9999999999999999999999999999 INCREMENT BY 1 START WITH 41 CACHE 20 NOORDER  NOCYCLE  NOKEEP  NOSCALE  GLOBAL ;
--------------------------------------------------------
--  DDL for Sequence APPOINTMENTID_SEQ
--------------------------------------------------------

   CREATE SEQUENCE  "ASSIGNMENTADMIN"."APPOINTMENTID_SEQ"  MINVALUE 1 MAXVALUE 9999999999999999999999999999 INCREMENT BY 1 START WITH 61 CACHE 20 NOORDER  NOCYCLE  NOKEEP  NOSCALE  GLOBAL ;
--------------------------------------------------------
--  DDL for Sequence APP_DATETIMEID_SEQ
--------------------------------------------------------

   CREATE SEQUENCE  "ASSIGNMENTADMIN"."APP_DATETIMEID_SEQ"  MINVALUE 1 MAXVALUE 9999999999999999999999999999 INCREMENT BY 1 START WITH 41 CACHE 20 NOORDER  NOCYCLE  NOKEEP  NOSCALE  GLOBAL ;
--------------------------------------------------------
--  DDL for Sequence AUTO_INCREMENT
--------------------------------------------------------

   CREATE SEQUENCE  "ASSIGNMENTADMIN"."AUTO_INCREMENT"  MINVALUE 1 MAXVALUE 9999999999999999999999999999 INCREMENT BY 1 START WITH 79 NOCACHE  NOORDER  NOCYCLE  NOKEEP  NOSCALE  GLOBAL ;
--------------------------------------------------------
--  DDL for Sequence CUSTOMERID_SEQ
--------------------------------------------------------

   CREATE SEQUENCE  "ASSIGNMENTADMIN"."CUSTOMERID_SEQ"  MINVALUE 1 MAXVALUE 9999999999999999999999999999 INCREMENT BY 1 START WITH 41 CACHE 20 NOORDER  NOCYCLE  NOKEEP  NOSCALE  GLOBAL ;
--------------------------------------------------------
--  DDL for Sequence CUSTOMER_FNAME_SEQ
--------------------------------------------------------

   CREATE SEQUENCE  "ASSIGNMENTADMIN"."CUSTOMER_FNAME_SEQ"  MINVALUE 1 MAXVALUE 9999999999999999999999999999 INCREMENT BY 1 START WITH 41 CACHE 20 NOORDER  NOCYCLE  NOKEEP  NOSCALE  GLOBAL ;
--------------------------------------------------------
--  DDL for Sequence CUSTOMER_LNAME_SEQ
--------------------------------------------------------

   CREATE SEQUENCE  "ASSIGNMENTADMIN"."CUSTOMER_LNAME_SEQ"  MINVALUE 1 MAXVALUE 9999999999999999999999999999 INCREMENT BY 1 START WITH 41 CACHE 20 NOORDER  NOCYCLE  NOKEEP  NOSCALE  GLOBAL ;
--------------------------------------------------------
--  DDL for Sequence CUST_APPLIANCES_SEQ
--------------------------------------------------------

   CREATE SEQUENCE  "ASSIGNMENTADMIN"."CUST_APPLIANCES_SEQ"  MINVALUE 1 MAXVALUE 9999999999999999999999999999 INCREMENT BY 1 START WITH 41 CACHE 20 NOORDER  NOCYCLE  NOKEEP  NOSCALE  GLOBAL ;
--------------------------------------------------------
--  DDL for Sequence DATETIMEID_SEQ
--------------------------------------------------------

   CREATE SEQUENCE  "ASSIGNMENTADMIN"."DATETIMEID_SEQ"  MINVALUE 1 MAXVALUE 9999999999999999999999999999 INCREMENT BY 1 START WITH 61 CACHE 20 NOORDER  NOCYCLE  NOKEEP  NOSCALE  GLOBAL ;
--------------------------------------------------------
--  DDL for Sequence FNAMEID_SEQ
--------------------------------------------------------

   CREATE SEQUENCE  "ASSIGNMENTADMIN"."FNAMEID_SEQ"  MINVALUE 1 MAXVALUE 9999999999999999999999999999 INCREMENT BY 1 START WITH 41 CACHE 20 NOORDER  NOCYCLE  NOKEEP  NOSCALE  GLOBAL ;
--------------------------------------------------------
--  DDL for Sequence LNAMEID_SEQ
--------------------------------------------------------

   CREATE SEQUENCE  "ASSIGNMENTADMIN"."LNAMEID_SEQ"  MINVALUE 1 MAXVALUE 9999999999999999999999999999 INCREMENT BY 1 START WITH 41 CACHE 20 NOORDER  NOCYCLE  NOKEEP  NOSCALE  GLOBAL ;
--------------------------------------------------------
--  DDL for Sequence TECHNICIANID_SEQ
--------------------------------------------------------

   CREATE SEQUENCE  "ASSIGNMENTADMIN"."TECHNICIANID_SEQ"  MINVALUE 1 MAXVALUE 9999999999999999999999999999 INCREMENT BY 1 START WITH 1 CACHE 20 NOORDER  NOCYCLE  NOKEEP  NOSCALE  GLOBAL ;
--------------------------------------------------------
--  DDL for Table APPLIANCES
--------------------------------------------------------

  CREATE TABLE "ASSIGNMENTADMIN"."APPLIANCES" 
   (	"APPLIANCEID" NUMBER(*,0), 
	"APPLIANCETYPE" VARCHAR2(255 BYTE), 
	"APPLIANCENAME" VARCHAR2(255 BYTE)
   ) SEGMENT CREATION IMMEDIATE 
  PCTFREE 10 PCTUSED 40 INITRANS 1 MAXTRANS 255 
 NOCOMPRESS LOGGING
  STORAGE(INITIAL 65536 NEXT 1048576 MINEXTENTS 1 MAXEXTENTS 2147483645
  PCTINCREASE 0 FREELISTS 1 FREELIST GROUPS 1
  BUFFER_POOL DEFAULT FLASH_CACHE DEFAULT CELL_FLASH_CACHE DEFAULT)
  TABLESPACE "ASSIGNMENT2" ;
--------------------------------------------------------
--  DDL for Table APPOINTMENTS
--------------------------------------------------------

  CREATE TABLE "ASSIGNMENTADMIN"."APPOINTMENTS" 
   (	"APPOINTMENTID" NUMBER(*,0), 
	"CUSTOMERID" NUMBER(*,0), 
	"APPLIANCEID" NUMBER(*,0), 
	"TECHNICIANID" NUMBER(*,0), 
	"REASON" NVARCHAR2(500), 
	"QUOTE" NUMBER(10,2)
   ) SEGMENT CREATION IMMEDIATE 
  PCTFREE 10 PCTUSED 40 INITRANS 1 MAXTRANS 255 
 NOCOMPRESS LOGGING
  STORAGE(INITIAL 65536 NEXT 1048576 MINEXTENTS 1 MAXEXTENTS 2147483645
  PCTINCREASE 0 FREELISTS 1 FREELIST GROUPS 1
  BUFFER_POOL DEFAULT FLASH_CACHE DEFAULT CELL_FLASH_CACHE DEFAULT)
  TABLESPACE "ASSIGNMENT2" ;
--------------------------------------------------------
--  DDL for Table APPOINTMENT_DATETIME
--------------------------------------------------------

  CREATE TABLE "ASSIGNMENTADMIN"."APPOINTMENT_DATETIME" 
   (	"APPOINTMENTDATETIMEID" NUMBER(*,0), 
	"APPOINTMENTID" NUMBER(*,0), 
	"DATETIMEID" NUMBER(*,0), 
	"STARTTIME" TIMESTAMP (6), 
	"ENDTIME" TIMESTAMP (6) DEFAULT NULL, 
	"NOTES" VARCHAR2(255 BYTE) DEFAULT NULL
   ) SEGMENT CREATION IMMEDIATE 
  PCTFREE 10 PCTUSED 40 INITRANS 1 MAXTRANS 255 
 NOCOMPRESS LOGGING
  STORAGE(INITIAL 65536 NEXT 1048576 MINEXTENTS 1 MAXEXTENTS 2147483645
  PCTINCREASE 0 FREELISTS 1 FREELIST GROUPS 1
  BUFFER_POOL DEFAULT FLASH_CACHE DEFAULT CELL_FLASH_CACHE DEFAULT)
  TABLESPACE "ASSIGNMENT2" ;
--------------------------------------------------------
--  DDL for Table CUSTOMERS
--------------------------------------------------------

  CREATE TABLE "ASSIGNMENTADMIN"."CUSTOMERS" 
   (	"CUSTOMERID" NUMBER(*,0), 
	"EMAIL" VARCHAR2(255 BYTE), 
	"PHONE" VARCHAR2(12 BYTE)
   ) SEGMENT CREATION IMMEDIATE 
  PCTFREE 10 PCTUSED 40 INITRANS 1 MAXTRANS 255 
 NOCOMPRESS LOGGING
  STORAGE(INITIAL 65536 NEXT 1048576 MINEXTENTS 1 MAXEXTENTS 2147483645
  PCTINCREASE 0 FREELISTS 1 FREELIST GROUPS 1
  BUFFER_POOL DEFAULT FLASH_CACHE DEFAULT CELL_FLASH_CACHE DEFAULT)
  TABLESPACE "ASSIGNMENT2" ;
--------------------------------------------------------
--  DDL for Table CUSTOMER_FNAMES
--------------------------------------------------------

  CREATE TABLE "ASSIGNMENTADMIN"."CUSTOMER_FNAMES" 
   (	"CUSTOMER_FNAMEID" NUMBER(*,0), 
	"CUSTOMERID" NUMBER(*,0), 
	"FNAMEID" NUMBER(*,0), 
	"STARTTIME" TIMESTAMP (6), 
	"ENDTIME" TIMESTAMP (6) DEFAULT NULL, 
	"NOTES" VARCHAR2(255 BYTE) DEFAULT NULL
   ) SEGMENT CREATION IMMEDIATE 
  PCTFREE 10 PCTUSED 40 INITRANS 1 MAXTRANS 255 
 NOCOMPRESS LOGGING
  STORAGE(INITIAL 65536 NEXT 1048576 MINEXTENTS 1 MAXEXTENTS 2147483645
  PCTINCREASE 0 FREELISTS 1 FREELIST GROUPS 1
  BUFFER_POOL DEFAULT FLASH_CACHE DEFAULT CELL_FLASH_CACHE DEFAULT)
  TABLESPACE "ASSIGNMENT2" ;
--------------------------------------------------------
--  DDL for Table CUSTOMER_LNAMES
--------------------------------------------------------

  CREATE TABLE "ASSIGNMENTADMIN"."CUSTOMER_LNAMES" 
   (	"CUSTOMER_LNAMEID" NUMBER(*,0), 
	"CUSTOMERID" NUMBER(*,0), 
	"LNAMEID" NUMBER(*,0), 
	"STARTTIME" TIMESTAMP (6), 
	"ENDTIME" TIMESTAMP (6) DEFAULT NULL, 
	"NOTES" VARCHAR2(255 BYTE) DEFAULT NULL
   ) SEGMENT CREATION IMMEDIATE 
  PCTFREE 10 PCTUSED 40 INITRANS 1 MAXTRANS 255 
 NOCOMPRESS LOGGING
  STORAGE(INITIAL 65536 NEXT 1048576 MINEXTENTS 1 MAXEXTENTS 2147483645
  PCTINCREASE 0 FREELISTS 1 FREELIST GROUPS 1
  BUFFER_POOL DEFAULT FLASH_CACHE DEFAULT CELL_FLASH_CACHE DEFAULT)
  TABLESPACE "ASSIGNMENT2" ;
--------------------------------------------------------
--  DDL for Table CUST_APPLIANCES
--------------------------------------------------------

  CREATE TABLE "ASSIGNMENTADMIN"."CUST_APPLIANCES" 
   (	"CUST_APPLIANCEID" NUMBER(*,0), 
	"CUSTOMERID" NUMBER(*,0), 
	"APPLIANCEID" NUMBER(*,0)
   ) SEGMENT CREATION IMMEDIATE 
  PCTFREE 10 PCTUSED 40 INITRANS 1 MAXTRANS 255 
 NOCOMPRESS LOGGING
  STORAGE(INITIAL 65536 NEXT 1048576 MINEXTENTS 1 MAXEXTENTS 2147483645
  PCTINCREASE 0 FREELISTS 1 FREELIST GROUPS 1
  BUFFER_POOL DEFAULT FLASH_CACHE DEFAULT CELL_FLASH_CACHE DEFAULT)
  TABLESPACE "ASSIGNMENT2" ;
--------------------------------------------------------
--  DDL for Table DATETIMES
--------------------------------------------------------

  CREATE TABLE "ASSIGNMENTADMIN"."DATETIMES" 
   (	"DATETIMEID" NUMBER(*,0), 
	"DATETIME" TIMESTAMP (6)
   ) SEGMENT CREATION IMMEDIATE 
  PCTFREE 10 PCTUSED 40 INITRANS 1 MAXTRANS 255 
 NOCOMPRESS LOGGING
  STORAGE(INITIAL 65536 NEXT 1048576 MINEXTENTS 1 MAXEXTENTS 2147483645
  PCTINCREASE 0 FREELISTS 1 FREELIST GROUPS 1
  BUFFER_POOL DEFAULT FLASH_CACHE DEFAULT CELL_FLASH_CACHE DEFAULT)
  TABLESPACE "ASSIGNMENT2" ;
--------------------------------------------------------
--  DDL for Table FNAMES
--------------------------------------------------------

  CREATE TABLE "ASSIGNMENTADMIN"."FNAMES" 
   (	"FNAMEID" NUMBER(*,0), 
	"FIRSTNAME" VARCHAR2(255 BYTE)
   ) SEGMENT CREATION IMMEDIATE 
  PCTFREE 10 PCTUSED 40 INITRANS 1 MAXTRANS 255 
 NOCOMPRESS LOGGING
  STORAGE(INITIAL 65536 NEXT 1048576 MINEXTENTS 1 MAXEXTENTS 2147483645
  PCTINCREASE 0 FREELISTS 1 FREELIST GROUPS 1
  BUFFER_POOL DEFAULT FLASH_CACHE DEFAULT CELL_FLASH_CACHE DEFAULT)
  TABLESPACE "ASSIGNMENT2" ;
--------------------------------------------------------
--  DDL for Table LNAMES
--------------------------------------------------------

  CREATE TABLE "ASSIGNMENTADMIN"."LNAMES" 
   (	"LNAMEID" NUMBER(*,0), 
	"LASTNAME" VARCHAR2(255 BYTE)
   ) SEGMENT CREATION IMMEDIATE 
  PCTFREE 10 PCTUSED 40 INITRANS 1 MAXTRANS 255 
 NOCOMPRESS LOGGING
  STORAGE(INITIAL 65536 NEXT 1048576 MINEXTENTS 1 MAXEXTENTS 2147483645
  PCTINCREASE 0 FREELISTS 1 FREELIST GROUPS 1
  BUFFER_POOL DEFAULT FLASH_CACHE DEFAULT CELL_FLASH_CACHE DEFAULT)
  TABLESPACE "ASSIGNMENT2" ;
--------------------------------------------------------
--  DDL for Table TECHNICIANS
--------------------------------------------------------

  CREATE TABLE "ASSIGNMENTADMIN"."TECHNICIANS" 
   (	"TECHNICIANID" NUMBER(*,0), 
	"FIRSTNAME" VARCHAR2(255 BYTE), 
	"LASTNAME" VARCHAR2(255 BYTE)
   ) SEGMENT CREATION IMMEDIATE 
  PCTFREE 10 PCTUSED 40 INITRANS 1 MAXTRANS 255 
 NOCOMPRESS LOGGING
  STORAGE(INITIAL 65536 NEXT 1048576 MINEXTENTS 1 MAXEXTENTS 2147483645
  PCTINCREASE 0 FREELISTS 1 FREELIST GROUPS 1
  BUFFER_POOL DEFAULT FLASH_CACHE DEFAULT CELL_FLASH_CACHE DEFAULT)
  TABLESPACE "ASSIGNMENT2" ;
--------------------------------------------------------
--  DDL for View APPOINTMENTS_VIEW
--------------------------------------------------------

  CREATE OR REPLACE FORCE EDITIONABLE VIEW "ASSIGNMENTADMIN"."APPOINTMENTS_VIEW" ("APPOINTMENTID", "CUSTOMERID", "APPLIANCEID", "TECHNICIANID", "DATETIME", "REASON", "QUOTE") AS 
  SELECT adt.appointmentID, a.customerID, a.applianceID, a.technicianID, dt.datetime, a.reason, a.quote
FROM APPOINTMENTS a
JOIN APPOINTMENT_DATETIME adt ON a.appointmentID = adt.appointmentID
JOIN DATETIMES dt ON adt.dateTimeID = dt.dateTimeID
;
--------------------------------------------------------
--  DDL for View CUSTOMERS_VIEW
--------------------------------------------------------

  CREATE OR REPLACE FORCE EDITIONABLE VIEW "ASSIGNMENTADMIN"."CUSTOMERS_VIEW" ("CUSTOMERID", "FIRSTNAME", "LASTNAME", "EMAIL", "PHONE") AS 
  SELECT c.customerID, f.firstName, l.lastName, c.email, c.phone
FROM CUSTOMERS c
JOIN CUSTOMER_FNAMES cf ON c.customerID = cf.customerID
JOIN FNAMES f ON cf.fnameID = f.fnameID
JOIN CUSTOMER_LNAMES cl ON c.customerID = cl.customerID
JOIN LNAMES l ON cl.lnameID = l.lnameID
;
REM INSERTING into ASSIGNMENTADMIN.APPLIANCES
SET DEFINE OFF;
Insert into ASSIGNMENTADMIN.APPLIANCES (APPLIANCEID,APPLIANCETYPE,APPLIANCENAME) values (1,'Refrigerator','Samsung Fridge');
Insert into ASSIGNMENTADMIN.APPLIANCES (APPLIANCEID,APPLIANCETYPE,APPLIANCENAME) values (2,'Washing Machine','LG Washer');
Insert into ASSIGNMENTADMIN.APPLIANCES (APPLIANCEID,APPLIANCETYPE,APPLIANCENAME) values (3,'Dishwasher','Bosch Dishwasher');
Insert into ASSIGNMENTADMIN.APPLIANCES (APPLIANCEID,APPLIANCETYPE,APPLIANCENAME) values (21,'Microwave','Panasonic GZ900');
REM INSERTING into ASSIGNMENTADMIN.APPOINTMENTS
SET DEFINE OFF;
Insert into ASSIGNMENTADMIN.APPOINTMENTS (APPOINTMENTID,CUSTOMERID,APPLIANCEID,TECHNICIANID,REASON,QUOTE) values (1,1,1,1,'Repair',100);
Insert into ASSIGNMENTADMIN.APPOINTMENTS (APPOINTMENTID,CUSTOMERID,APPLIANCEID,TECHNICIANID,REASON,QUOTE) values (2,2,2,2,'Installation',150);
Insert into ASSIGNMENTADMIN.APPOINTMENTS (APPOINTMENTID,CUSTOMERID,APPLIANCEID,TECHNICIANID,REASON,QUOTE) values (3,3,3,3,'Maintenance',80);
Insert into ASSIGNMENTADMIN.APPOINTMENTS (APPOINTMENTID,CUSTOMERID,APPLIANCEID,TECHNICIANID,REASON,QUOTE) values (41,21,2,2,'Leaking',99.99);
Insert into ASSIGNMENTADMIN.APPOINTMENTS (APPOINTMENTID,CUSTOMERID,APPLIANCEID,TECHNICIANID,REASON,QUOTE) values (44,23,1,3,'Making a loud noise',74.99);
REM INSERTING into ASSIGNMENTADMIN.APPOINTMENT_DATETIME
SET DEFINE OFF;
Insert into ASSIGNMENTADMIN.APPOINTMENT_DATETIME (APPOINTMENTDATETIMEID,APPOINTMENTID,DATETIMEID,STARTTIME,ENDTIME,NOTES) values (1,1,1,to_timestamp('24-03-27 14:33:14.000000000','RR-MM-DD HH24:MI:SSXFF'),null,null);
Insert into ASSIGNMENTADMIN.APPOINTMENT_DATETIME (APPOINTMENTDATETIMEID,APPOINTMENTID,DATETIMEID,STARTTIME,ENDTIME,NOTES) values (2,2,2,to_timestamp('24-03-27 14:33:14.000000000','RR-MM-DD HH24:MI:SSXFF'),null,null);
Insert into ASSIGNMENTADMIN.APPOINTMENT_DATETIME (APPOINTMENTDATETIMEID,APPOINTMENTID,DATETIMEID,STARTTIME,ENDTIME,NOTES) values (3,3,3,to_timestamp('24-03-27 02:33:14.000000000','RR-MM-DD HH24:MI:SSXFF'),null,null);
Insert into ASSIGNMENTADMIN.APPOINTMENT_DATETIME (APPOINTMENTDATETIMEID,APPOINTMENTID,DATETIMEID,STARTTIME,ENDTIME,NOTES) values (21,41,41,to_timestamp('24-03-30 16:08:55.104000000','RR-MM-DD HH24:MI:SSXFF'),null,null);
Insert into ASSIGNMENTADMIN.APPOINTMENT_DATETIME (APPOINTMENTDATETIMEID,APPOINTMENTID,DATETIMEID,STARTTIME,ENDTIME,NOTES) values (23,44,44,to_timestamp('24-03-30 16:20:20.541000000','RR-MM-DD HH24:MI:SSXFF'),null,null);
REM INSERTING into ASSIGNMENTADMIN.CUSTOMERS
SET DEFINE OFF;
Insert into ASSIGNMENTADMIN.CUSTOMERS (CUSTOMERID,EMAIL,PHONE) values (1,'john.doe@example.com','123-456-7890');
Insert into ASSIGNMENTADMIN.CUSTOMERS (CUSTOMERID,EMAIL,PHONE) values (2,'jane.smith@example.com','987-654-3210');
Insert into ASSIGNMENTADMIN.CUSTOMERS (CUSTOMERID,EMAIL,PHONE) values (3,'alice.johnson@example.com','555-555-5555');
Insert into ASSIGNMENTADMIN.CUSTOMERS (CUSTOMERID,EMAIL,PHONE) values (21,'stevejobs@apple.com','519-635-1046');
Insert into ASSIGNMENTADMIN.CUSTOMERS (CUSTOMERID,EMAIL,PHONE) values (22,'paul@paulemail.com','111-333-7777');
Insert into ASSIGNMENTADMIN.CUSTOMERS (CUSTOMERID,EMAIL,PHONE) values (23,'garw0004@algonquinlive.com','613-618-1026');
REM INSERTING into ASSIGNMENTADMIN.CUSTOMER_FNAMES
SET DEFINE OFF;
Insert into ASSIGNMENTADMIN.CUSTOMER_FNAMES (CUSTOMER_FNAMEID,CUSTOMERID,FNAMEID,STARTTIME,ENDTIME,NOTES) values (1,1,1,to_timestamp('24-03-26 17:53:47.939000000','RR-MM-DD HH24:MI:SSXFF'),null,null);
Insert into ASSIGNMENTADMIN.CUSTOMER_FNAMES (CUSTOMER_FNAMEID,CUSTOMERID,FNAMEID,STARTTIME,ENDTIME,NOTES) values (2,2,2,to_timestamp('24-03-26 17:54:13.366000000','RR-MM-DD HH24:MI:SSXFF'),null,null);
Insert into ASSIGNMENTADMIN.CUSTOMER_FNAMES (CUSTOMER_FNAMEID,CUSTOMERID,FNAMEID,STARTTIME,ENDTIME,NOTES) values (3,3,3,to_timestamp('24-03-26 17:58:28.536000000','RR-MM-DD HH24:MI:SSXFF'),null,null);
Insert into ASSIGNMENTADMIN.CUSTOMER_FNAMES (CUSTOMER_FNAMEID,CUSTOMERID,FNAMEID,STARTTIME,ENDTIME,NOTES) values (21,21,21,to_timestamp('24-03-30 10:58:55.446000000','RR-MM-DD HH24:MI:SSXFF'),null,null);
Insert into ASSIGNMENTADMIN.CUSTOMER_FNAMES (CUSTOMER_FNAMEID,CUSTOMERID,FNAMEID,STARTTIME,ENDTIME,NOTES) values (22,22,22,to_timestamp('24-03-30 10:59:56.699000000','RR-MM-DD HH24:MI:SSXFF'),null,null);
Insert into ASSIGNMENTADMIN.CUSTOMER_FNAMES (CUSTOMER_FNAMEID,CUSTOMERID,FNAMEID,STARTTIME,ENDTIME,NOTES) values (23,23,23,to_timestamp('24-03-30 11:01:52.402000000','RR-MM-DD HH24:MI:SSXFF'),null,null);
REM INSERTING into ASSIGNMENTADMIN.CUSTOMER_LNAMES
SET DEFINE OFF;
Insert into ASSIGNMENTADMIN.CUSTOMER_LNAMES (CUSTOMER_LNAMEID,CUSTOMERID,LNAMEID,STARTTIME,ENDTIME,NOTES) values (1,1,1,to_timestamp('24-03-26 17:53:47.947000000','RR-MM-DD HH24:MI:SSXFF'),null,null);
Insert into ASSIGNMENTADMIN.CUSTOMER_LNAMES (CUSTOMER_LNAMEID,CUSTOMERID,LNAMEID,STARTTIME,ENDTIME,NOTES) values (2,2,2,to_timestamp('24-03-26 17:54:13.366000000','RR-MM-DD HH24:MI:SSXFF'),null,null);
Insert into ASSIGNMENTADMIN.CUSTOMER_LNAMES (CUSTOMER_LNAMEID,CUSTOMERID,LNAMEID,STARTTIME,ENDTIME,NOTES) values (3,3,3,to_timestamp('24-03-26 17:58:28.536000000','RR-MM-DD HH24:MI:SSXFF'),null,null);
Insert into ASSIGNMENTADMIN.CUSTOMER_LNAMES (CUSTOMER_LNAMEID,CUSTOMERID,LNAMEID,STARTTIME,ENDTIME,NOTES) values (21,21,21,to_timestamp('24-03-30 10:58:55.462000000','RR-MM-DD HH24:MI:SSXFF'),null,null);
Insert into ASSIGNMENTADMIN.CUSTOMER_LNAMES (CUSTOMER_LNAMEID,CUSTOMERID,LNAMEID,STARTTIME,ENDTIME,NOTES) values (22,22,22,to_timestamp('24-03-30 10:59:56.699000000','RR-MM-DD HH24:MI:SSXFF'),null,null);
Insert into ASSIGNMENTADMIN.CUSTOMER_LNAMES (CUSTOMER_LNAMEID,CUSTOMERID,LNAMEID,STARTTIME,ENDTIME,NOTES) values (23,23,23,to_timestamp('24-03-30 11:01:52.402000000','RR-MM-DD HH24:MI:SSXFF'),null,null);
REM INSERTING into ASSIGNMENTADMIN.CUST_APPLIANCES
SET DEFINE OFF;
Insert into ASSIGNMENTADMIN.CUST_APPLIANCES (CUST_APPLIANCEID,CUSTOMERID,APPLIANCEID) values (1,23,3);
Insert into ASSIGNMENTADMIN.CUST_APPLIANCES (CUST_APPLIANCEID,CUSTOMERID,APPLIANCEID) values (2,2,2);
Insert into ASSIGNMENTADMIN.CUST_APPLIANCES (CUST_APPLIANCEID,CUSTOMERID,APPLIANCEID) values (3,3,3);
Insert into ASSIGNMENTADMIN.CUST_APPLIANCES (CUST_APPLIANCEID,CUSTOMERID,APPLIANCEID) values (21,22,2);
Insert into ASSIGNMENTADMIN.CUST_APPLIANCES (CUST_APPLIANCEID,CUSTOMERID,APPLIANCEID) values (22,23,1);
Insert into ASSIGNMENTADMIN.CUST_APPLIANCES (CUST_APPLIANCEID,CUSTOMERID,APPLIANCEID) values (23,1,2);
Insert into ASSIGNMENTADMIN.CUST_APPLIANCES (CUST_APPLIANCEID,CUSTOMERID,APPLIANCEID) values (24,21,2);
Insert into ASSIGNMENTADMIN.CUST_APPLIANCES (CUST_APPLIANCEID,CUSTOMERID,APPLIANCEID) values (25,22,21);
REM INSERTING into ASSIGNMENTADMIN.DATETIMES
SET DEFINE OFF;
Insert into ASSIGNMENTADMIN.DATETIMES (DATETIMEID,DATETIME) values (1,to_timestamp('24-03-27 14:33:14.025000000','RR-MM-DD HH24:MI:SSXFF'));
Insert into ASSIGNMENTADMIN.DATETIMES (DATETIMEID,DATETIME) values (2,to_timestamp('24-03-27 14:33:14.084000000','RR-MM-DD HH24:MI:SSXFF'));
Insert into ASSIGNMENTADMIN.DATETIMES (DATETIMEID,DATETIME) values (3,to_timestamp('24-03-27 14:33:14.104000000','RR-MM-DD HH24:MI:SSXFF'));
Insert into ASSIGNMENTADMIN.DATETIMES (DATETIMEID,DATETIME) values (41,to_timestamp('24-03-20 00:00:00.000000000','RR-MM-DD HH24:MI:SSXFF'));
Insert into ASSIGNMENTADMIN.DATETIMES (DATETIMEID,DATETIME) values (43,to_timestamp('24-05-19 09:00:00.000000000','RR-MM-DD HH24:MI:SSXFF'));
Insert into ASSIGNMENTADMIN.DATETIMES (DATETIMEID,DATETIME) values (44,to_timestamp('24-05-19 09:00:00.000000000','RR-MM-DD HH24:MI:SSXFF'));
REM INSERTING into ASSIGNMENTADMIN.FNAMES
SET DEFINE OFF;
Insert into ASSIGNMENTADMIN.FNAMES (FNAMEID,FIRSTNAME) values (1,'John');
Insert into ASSIGNMENTADMIN.FNAMES (FNAMEID,FIRSTNAME) values (2,'Jane');
Insert into ASSIGNMENTADMIN.FNAMES (FNAMEID,FIRSTNAME) values (3,'Alice');
Insert into ASSIGNMENTADMIN.FNAMES (FNAMEID,FIRSTNAME) values (21,'Steve');
Insert into ASSIGNMENTADMIN.FNAMES (FNAMEID,FIRSTNAME) values (22,'paul');
Insert into ASSIGNMENTADMIN.FNAMES (FNAMEID,FIRSTNAME) values (23,'Joseph');
REM INSERTING into ASSIGNMENTADMIN.LNAMES
SET DEFINE OFF;
Insert into ASSIGNMENTADMIN.LNAMES (LNAMEID,LASTNAME) values (1,'Doe');
Insert into ASSIGNMENTADMIN.LNAMES (LNAMEID,LASTNAME) values (2,'Smith');
Insert into ASSIGNMENTADMIN.LNAMES (LNAMEID,LASTNAME) values (3,'Johnson');
Insert into ASSIGNMENTADMIN.LNAMES (LNAMEID,LASTNAME) values (21,'Jobs');
Insert into ASSIGNMENTADMIN.LNAMES (LNAMEID,LASTNAME) values (22,'henry');
Insert into ASSIGNMENTADMIN.LNAMES (LNAMEID,LASTNAME) values (23,'Garwood');
REM INSERTING into ASSIGNMENTADMIN.TECHNICIANS
SET DEFINE OFF;
Insert into ASSIGNMENTADMIN.TECHNICIANS (TECHNICIANID,FIRSTNAME,LASTNAME) values (1,'Mark','Taylor');
Insert into ASSIGNMENTADMIN.TECHNICIANS (TECHNICIANID,FIRSTNAME,LASTNAME) values (2,'Emily','Clark');
Insert into ASSIGNMENTADMIN.TECHNICIANS (TECHNICIANID,FIRSTNAME,LASTNAME) values (3,'David','Wilson');
REM INSERTING into ASSIGNMENTADMIN.APPOINTMENTS_VIEW
SET DEFINE OFF;
Insert into ASSIGNMENTADMIN.APPOINTMENTS_VIEW (APPOINTMENTID,CUSTOMERID,APPLIANCEID,TECHNICIANID,DATETIME,REASON,QUOTE) values (1,1,1,1,to_timestamp('24-03-27 14:33:14.025000000','RR-MM-DD HH24:MI:SSXFF'),'Repair',100);
Insert into ASSIGNMENTADMIN.APPOINTMENTS_VIEW (APPOINTMENTID,CUSTOMERID,APPLIANCEID,TECHNICIANID,DATETIME,REASON,QUOTE) values (2,2,2,2,to_timestamp('24-03-27 14:33:14.084000000','RR-MM-DD HH24:MI:SSXFF'),'Installation',150);
Insert into ASSIGNMENTADMIN.APPOINTMENTS_VIEW (APPOINTMENTID,CUSTOMERID,APPLIANCEID,TECHNICIANID,DATETIME,REASON,QUOTE) values (3,3,3,3,to_timestamp('24-03-27 14:33:14.104000000','RR-MM-DD HH24:MI:SSXFF'),'Maintenance',80);
Insert into ASSIGNMENTADMIN.APPOINTMENTS_VIEW (APPOINTMENTID,CUSTOMERID,APPLIANCEID,TECHNICIANID,DATETIME,REASON,QUOTE) values (41,21,2,2,to_timestamp('24-03-20 00:00:00.000000000','RR-MM-DD HH24:MI:SSXFF'),'Leaking',99.99);
Insert into ASSIGNMENTADMIN.APPOINTMENTS_VIEW (APPOINTMENTID,CUSTOMERID,APPLIANCEID,TECHNICIANID,DATETIME,REASON,QUOTE) values (44,23,1,3,to_timestamp('24-05-19 09:00:00.000000000','RR-MM-DD HH24:MI:SSXFF'),'Making a loud noise',74.99);
REM INSERTING into ASSIGNMENTADMIN.CUSTOMERS_VIEW
SET DEFINE OFF;
Insert into ASSIGNMENTADMIN.CUSTOMERS_VIEW (CUSTOMERID,FIRSTNAME,LASTNAME,EMAIL,PHONE) values (1,'John','Doe','john.doe@example.com','123-456-7890');
Insert into ASSIGNMENTADMIN.CUSTOMERS_VIEW (CUSTOMERID,FIRSTNAME,LASTNAME,EMAIL,PHONE) values (2,'Jane','Smith','jane.smith@example.com','987-654-3210');
Insert into ASSIGNMENTADMIN.CUSTOMERS_VIEW (CUSTOMERID,FIRSTNAME,LASTNAME,EMAIL,PHONE) values (3,'Alice','Johnson','alice.johnson@example.com','555-555-5555');
Insert into ASSIGNMENTADMIN.CUSTOMERS_VIEW (CUSTOMERID,FIRSTNAME,LASTNAME,EMAIL,PHONE) values (21,'Steve','Jobs','stevejobs@apple.com','519-635-1046');
Insert into ASSIGNMENTADMIN.CUSTOMERS_VIEW (CUSTOMERID,FIRSTNAME,LASTNAME,EMAIL,PHONE) values (22,'paul','henry','paul@paulemail.com','111-333-7777');
Insert into ASSIGNMENTADMIN.CUSTOMERS_VIEW (CUSTOMERID,FIRSTNAME,LASTNAME,EMAIL,PHONE) values (23,'Joseph','Garwood','garw0004@algonquinlive.com','613-618-1026');
--------------------------------------------------------
--  DDL for Index SYS_C007671
--------------------------------------------------------

  CREATE UNIQUE INDEX "ASSIGNMENTADMIN"."SYS_C007671" ON "ASSIGNMENTADMIN"."TECHNICIANS" ("TECHNICIANID") 
  PCTFREE 10 INITRANS 2 MAXTRANS 255 COMPUTE STATISTICS 
  STORAGE(INITIAL 65536 NEXT 1048576 MINEXTENTS 1 MAXEXTENTS 2147483645
  PCTINCREASE 0 FREELISTS 1 FREELIST GROUPS 1
  BUFFER_POOL DEFAULT FLASH_CACHE DEFAULT CELL_FLASH_CACHE DEFAULT)
  TABLESPACE "ASSIGNMENT2" ;
--------------------------------------------------------
--  DDL for Index SYS_C007683
--------------------------------------------------------

  CREATE UNIQUE INDEX "ASSIGNMENTADMIN"."SYS_C007683" ON "ASSIGNMENTADMIN"."CUSTOMERS" ("CUSTOMERID") 
  PCTFREE 10 INITRANS 2 MAXTRANS 255 COMPUTE STATISTICS 
  STORAGE(INITIAL 65536 NEXT 1048576 MINEXTENTS 1 MAXEXTENTS 2147483645
  PCTINCREASE 0 FREELISTS 1 FREELIST GROUPS 1
  BUFFER_POOL DEFAULT FLASH_CACHE DEFAULT CELL_FLASH_CACHE DEFAULT)
  TABLESPACE "ASSIGNMENT2" ;
--------------------------------------------------------
--  DDL for Index SYS_C007685
--------------------------------------------------------

  CREATE UNIQUE INDEX "ASSIGNMENTADMIN"."SYS_C007685" ON "ASSIGNMENTADMIN"."FNAMES" ("FNAMEID") 
  PCTFREE 10 INITRANS 2 MAXTRANS 255 COMPUTE STATISTICS 
  STORAGE(INITIAL 65536 NEXT 1048576 MINEXTENTS 1 MAXEXTENTS 2147483645
  PCTINCREASE 0 FREELISTS 1 FREELIST GROUPS 1
  BUFFER_POOL DEFAULT FLASH_CACHE DEFAULT CELL_FLASH_CACHE DEFAULT)
  TABLESPACE "ASSIGNMENT2" ;
--------------------------------------------------------
--  DDL for Index SYS_C007687
--------------------------------------------------------

  CREATE UNIQUE INDEX "ASSIGNMENTADMIN"."SYS_C007687" ON "ASSIGNMENTADMIN"."LNAMES" ("LNAMEID") 
  PCTFREE 10 INITRANS 2 MAXTRANS 255 COMPUTE STATISTICS 
  STORAGE(INITIAL 65536 NEXT 1048576 MINEXTENTS 1 MAXEXTENTS 2147483645
  PCTINCREASE 0 FREELISTS 1 FREELIST GROUPS 1
  BUFFER_POOL DEFAULT FLASH_CACHE DEFAULT CELL_FLASH_CACHE DEFAULT)
  TABLESPACE "ASSIGNMENT2" ;
--------------------------------------------------------
--  DDL for Index SYS_C007696
--------------------------------------------------------

  CREATE UNIQUE INDEX "ASSIGNMENTADMIN"."SYS_C007696" ON "ASSIGNMENTADMIN"."APPLIANCES" ("APPLIANCEID") 
  PCTFREE 10 INITRANS 2 MAXTRANS 255 COMPUTE STATISTICS 
  STORAGE(INITIAL 65536 NEXT 1048576 MINEXTENTS 1 MAXEXTENTS 2147483645
  PCTINCREASE 0 FREELISTS 1 FREELIST GROUPS 1
  BUFFER_POOL DEFAULT FLASH_CACHE DEFAULT CELL_FLASH_CACHE DEFAULT)
  TABLESPACE "ASSIGNMENT2" ;
--------------------------------------------------------
--  DDL for Index SYS_C007697
--------------------------------------------------------

  CREATE UNIQUE INDEX "ASSIGNMENTADMIN"."SYS_C007697" ON "ASSIGNMENTADMIN"."CUST_APPLIANCES" ("CUST_APPLIANCEID") 
  PCTFREE 10 INITRANS 2 MAXTRANS 255 COMPUTE STATISTICS 
  STORAGE(INITIAL 65536 NEXT 1048576 MINEXTENTS 1 MAXEXTENTS 2147483645
  PCTINCREASE 0 FREELISTS 1 FREELIST GROUPS 1
  BUFFER_POOL DEFAULT FLASH_CACHE DEFAULT CELL_FLASH_CACHE DEFAULT)
  TABLESPACE "ASSIGNMENT2" ;
--------------------------------------------------------
--  DDL for Index SYS_C007705
--------------------------------------------------------

  CREATE UNIQUE INDEX "ASSIGNMENTADMIN"."SYS_C007705" ON "ASSIGNMENTADMIN"."APPOINTMENTS" ("APPOINTMENTID") 
  PCTFREE 10 INITRANS 2 MAXTRANS 255 COMPUTE STATISTICS 
  STORAGE(INITIAL 65536 NEXT 1048576 MINEXTENTS 1 MAXEXTENTS 2147483645
  PCTINCREASE 0 FREELISTS 1 FREELIST GROUPS 1
  BUFFER_POOL DEFAULT FLASH_CACHE DEFAULT CELL_FLASH_CACHE DEFAULT)
  TABLESPACE "ASSIGNMENT2" ;
--------------------------------------------------------
--  DDL for Index SYS_C007717
--------------------------------------------------------

  CREATE UNIQUE INDEX "ASSIGNMENTADMIN"."SYS_C007717" ON "ASSIGNMENTADMIN"."DATETIMES" ("DATETIMEID") 
  PCTFREE 10 INITRANS 2 MAXTRANS 255 COMPUTE STATISTICS 
  STORAGE(INITIAL 65536 NEXT 1048576 MINEXTENTS 1 MAXEXTENTS 2147483645
  PCTINCREASE 0 FREELISTS 1 FREELIST GROUPS 1
  BUFFER_POOL DEFAULT FLASH_CACHE DEFAULT CELL_FLASH_CACHE DEFAULT)
  TABLESPACE "ASSIGNMENT2" ;
--------------------------------------------------------
--  DDL for Index SYS_C007718
--------------------------------------------------------

  CREATE UNIQUE INDEX "ASSIGNMENTADMIN"."SYS_C007718" ON "ASSIGNMENTADMIN"."APPOINTMENT_DATETIME" ("APPOINTMENTDATETIMEID") 
  PCTFREE 10 INITRANS 2 MAXTRANS 255 COMPUTE STATISTICS 
  STORAGE(INITIAL 65536 NEXT 1048576 MINEXTENTS 1 MAXEXTENTS 2147483645
  PCTINCREASE 0 FREELISTS 1 FREELIST GROUPS 1
  BUFFER_POOL DEFAULT FLASH_CACHE DEFAULT CELL_FLASH_CACHE DEFAULT)
  TABLESPACE "ASSIGNMENT2" ;
--------------------------------------------------------
--  DDL for Index SYS_C007721
--------------------------------------------------------

  CREATE UNIQUE INDEX "ASSIGNMENTADMIN"."SYS_C007721" ON "ASSIGNMENTADMIN"."CUSTOMER_FNAMES" ("CUSTOMER_FNAMEID") 
  PCTFREE 10 INITRANS 2 MAXTRANS 255 COMPUTE STATISTICS 
  STORAGE(INITIAL 65536 NEXT 1048576 MINEXTENTS 1 MAXEXTENTS 2147483645
  PCTINCREASE 0 FREELISTS 1 FREELIST GROUPS 1
  BUFFER_POOL DEFAULT FLASH_CACHE DEFAULT CELL_FLASH_CACHE DEFAULT)
  TABLESPACE "ASSIGNMENT2" ;
--------------------------------------------------------
--  DDL for Index SYS_C007724
--------------------------------------------------------

  CREATE UNIQUE INDEX "ASSIGNMENTADMIN"."SYS_C007724" ON "ASSIGNMENTADMIN"."CUSTOMER_LNAMES" ("CUSTOMER_LNAMEID") 
  PCTFREE 10 INITRANS 2 MAXTRANS 255 COMPUTE STATISTICS 
  STORAGE(INITIAL 65536 NEXT 1048576 MINEXTENTS 1 MAXEXTENTS 2147483645
  PCTINCREASE 0 FREELISTS 1 FREELIST GROUPS 1
  BUFFER_POOL DEFAULT FLASH_CACHE DEFAULT CELL_FLASH_CACHE DEFAULT)
  TABLESPACE "ASSIGNMENT2" ;
--------------------------------------------------------
--  DDL for Index SYS_C007696
--------------------------------------------------------

  CREATE UNIQUE INDEX "ASSIGNMENTADMIN"."SYS_C007696" ON "ASSIGNMENTADMIN"."APPLIANCES" ("APPLIANCEID") 
  PCTFREE 10 INITRANS 2 MAXTRANS 255 COMPUTE STATISTICS 
  STORAGE(INITIAL 65536 NEXT 1048576 MINEXTENTS 1 MAXEXTENTS 2147483645
  PCTINCREASE 0 FREELISTS 1 FREELIST GROUPS 1
  BUFFER_POOL DEFAULT FLASH_CACHE DEFAULT CELL_FLASH_CACHE DEFAULT)
  TABLESPACE "ASSIGNMENT2" ;
--------------------------------------------------------
--  DDL for Index SYS_C007705
--------------------------------------------------------

  CREATE UNIQUE INDEX "ASSIGNMENTADMIN"."SYS_C007705" ON "ASSIGNMENTADMIN"."APPOINTMENTS" ("APPOINTMENTID") 
  PCTFREE 10 INITRANS 2 MAXTRANS 255 COMPUTE STATISTICS 
  STORAGE(INITIAL 65536 NEXT 1048576 MINEXTENTS 1 MAXEXTENTS 2147483645
  PCTINCREASE 0 FREELISTS 1 FREELIST GROUPS 1
  BUFFER_POOL DEFAULT FLASH_CACHE DEFAULT CELL_FLASH_CACHE DEFAULT)
  TABLESPACE "ASSIGNMENT2" ;
--------------------------------------------------------
--  DDL for Index SYS_C007718
--------------------------------------------------------

  CREATE UNIQUE INDEX "ASSIGNMENTADMIN"."SYS_C007718" ON "ASSIGNMENTADMIN"."APPOINTMENT_DATETIME" ("APPOINTMENTDATETIMEID") 
  PCTFREE 10 INITRANS 2 MAXTRANS 255 COMPUTE STATISTICS 
  STORAGE(INITIAL 65536 NEXT 1048576 MINEXTENTS 1 MAXEXTENTS 2147483645
  PCTINCREASE 0 FREELISTS 1 FREELIST GROUPS 1
  BUFFER_POOL DEFAULT FLASH_CACHE DEFAULT CELL_FLASH_CACHE DEFAULT)
  TABLESPACE "ASSIGNMENT2" ;
--------------------------------------------------------
--  DDL for Index SYS_C007683
--------------------------------------------------------

  CREATE UNIQUE INDEX "ASSIGNMENTADMIN"."SYS_C007683" ON "ASSIGNMENTADMIN"."CUSTOMERS" ("CUSTOMERID") 
  PCTFREE 10 INITRANS 2 MAXTRANS 255 COMPUTE STATISTICS 
  STORAGE(INITIAL 65536 NEXT 1048576 MINEXTENTS 1 MAXEXTENTS 2147483645
  PCTINCREASE 0 FREELISTS 1 FREELIST GROUPS 1
  BUFFER_POOL DEFAULT FLASH_CACHE DEFAULT CELL_FLASH_CACHE DEFAULT)
  TABLESPACE "ASSIGNMENT2" ;
--------------------------------------------------------
--  DDL for Index SYS_C007721
--------------------------------------------------------

  CREATE UNIQUE INDEX "ASSIGNMENTADMIN"."SYS_C007721" ON "ASSIGNMENTADMIN"."CUSTOMER_FNAMES" ("CUSTOMER_FNAMEID") 
  PCTFREE 10 INITRANS 2 MAXTRANS 255 COMPUTE STATISTICS 
  STORAGE(INITIAL 65536 NEXT 1048576 MINEXTENTS 1 MAXEXTENTS 2147483645
  PCTINCREASE 0 FREELISTS 1 FREELIST GROUPS 1
  BUFFER_POOL DEFAULT FLASH_CACHE DEFAULT CELL_FLASH_CACHE DEFAULT)
  TABLESPACE "ASSIGNMENT2" ;
--------------------------------------------------------
--  DDL for Index SYS_C007724
--------------------------------------------------------

  CREATE UNIQUE INDEX "ASSIGNMENTADMIN"."SYS_C007724" ON "ASSIGNMENTADMIN"."CUSTOMER_LNAMES" ("CUSTOMER_LNAMEID") 
  PCTFREE 10 INITRANS 2 MAXTRANS 255 COMPUTE STATISTICS 
  STORAGE(INITIAL 65536 NEXT 1048576 MINEXTENTS 1 MAXEXTENTS 2147483645
  PCTINCREASE 0 FREELISTS 1 FREELIST GROUPS 1
  BUFFER_POOL DEFAULT FLASH_CACHE DEFAULT CELL_FLASH_CACHE DEFAULT)
  TABLESPACE "ASSIGNMENT2" ;
--------------------------------------------------------
--  DDL for Index SYS_C007697
--------------------------------------------------------

  CREATE UNIQUE INDEX "ASSIGNMENTADMIN"."SYS_C007697" ON "ASSIGNMENTADMIN"."CUST_APPLIANCES" ("CUST_APPLIANCEID") 
  PCTFREE 10 INITRANS 2 MAXTRANS 255 COMPUTE STATISTICS 
  STORAGE(INITIAL 65536 NEXT 1048576 MINEXTENTS 1 MAXEXTENTS 2147483645
  PCTINCREASE 0 FREELISTS 1 FREELIST GROUPS 1
  BUFFER_POOL DEFAULT FLASH_CACHE DEFAULT CELL_FLASH_CACHE DEFAULT)
  TABLESPACE "ASSIGNMENT2" ;
--------------------------------------------------------
--  DDL for Index SYS_C007717
--------------------------------------------------------

  CREATE UNIQUE INDEX "ASSIGNMENTADMIN"."SYS_C007717" ON "ASSIGNMENTADMIN"."DATETIMES" ("DATETIMEID") 
  PCTFREE 10 INITRANS 2 MAXTRANS 255 COMPUTE STATISTICS 
  STORAGE(INITIAL 65536 NEXT 1048576 MINEXTENTS 1 MAXEXTENTS 2147483645
  PCTINCREASE 0 FREELISTS 1 FREELIST GROUPS 1
  BUFFER_POOL DEFAULT FLASH_CACHE DEFAULT CELL_FLASH_CACHE DEFAULT)
  TABLESPACE "ASSIGNMENT2" ;
--------------------------------------------------------
--  DDL for Index SYS_C007685
--------------------------------------------------------

  CREATE UNIQUE INDEX "ASSIGNMENTADMIN"."SYS_C007685" ON "ASSIGNMENTADMIN"."FNAMES" ("FNAMEID") 
  PCTFREE 10 INITRANS 2 MAXTRANS 255 COMPUTE STATISTICS 
  STORAGE(INITIAL 65536 NEXT 1048576 MINEXTENTS 1 MAXEXTENTS 2147483645
  PCTINCREASE 0 FREELISTS 1 FREELIST GROUPS 1
  BUFFER_POOL DEFAULT FLASH_CACHE DEFAULT CELL_FLASH_CACHE DEFAULT)
  TABLESPACE "ASSIGNMENT2" ;
--------------------------------------------------------
--  DDL for Index SYS_C007687
--------------------------------------------------------

  CREATE UNIQUE INDEX "ASSIGNMENTADMIN"."SYS_C007687" ON "ASSIGNMENTADMIN"."LNAMES" ("LNAMEID") 
  PCTFREE 10 INITRANS 2 MAXTRANS 255 COMPUTE STATISTICS 
  STORAGE(INITIAL 65536 NEXT 1048576 MINEXTENTS 1 MAXEXTENTS 2147483645
  PCTINCREASE 0 FREELISTS 1 FREELIST GROUPS 1
  BUFFER_POOL DEFAULT FLASH_CACHE DEFAULT CELL_FLASH_CACHE DEFAULT)
  TABLESPACE "ASSIGNMENT2" ;
--------------------------------------------------------
--  DDL for Index SYS_C007671
--------------------------------------------------------

  CREATE UNIQUE INDEX "ASSIGNMENTADMIN"."SYS_C007671" ON "ASSIGNMENTADMIN"."TECHNICIANS" ("TECHNICIANID") 
  PCTFREE 10 INITRANS 2 MAXTRANS 255 COMPUTE STATISTICS 
  STORAGE(INITIAL 65536 NEXT 1048576 MINEXTENTS 1 MAXEXTENTS 2147483645
  PCTINCREASE 0 FREELISTS 1 FREELIST GROUPS 1
  BUFFER_POOL DEFAULT FLASH_CACHE DEFAULT CELL_FLASH_CACHE DEFAULT)
  TABLESPACE "ASSIGNMENT2" ;
--------------------------------------------------------
--  DDL for Trigger APPLIANCEID_INCREMENTOR
--------------------------------------------------------

  CREATE OR REPLACE EDITIONABLE TRIGGER "ASSIGNMENTADMIN"."APPLIANCEID_INCREMENTOR" 
BEFORE INSERT ON APPLIANCES
FOR EACH ROW
BEGIN
  :NEW.applianceID := applianceID_SEQ.NEXTVAL;
END;

/
ALTER TRIGGER "ASSIGNMENTADMIN"."APPLIANCEID_INCREMENTOR" ENABLE;
--------------------------------------------------------
--  DDL for Trigger APPOINTMENTDATETIMEID_INCREMENTOR
--------------------------------------------------------

  CREATE OR REPLACE EDITIONABLE TRIGGER "ASSIGNMENTADMIN"."APPOINTMENTDATETIMEID_INCREMENTOR" 
BEFORE INSERT ON APPOINTMENT_DATETIME
FOR EACH ROW
BEGIN
  :NEW.appointmentdatetimeID := app_datetimeID_SEQ.NEXTVAL;
END;

/
ALTER TRIGGER "ASSIGNMENTADMIN"."APPOINTMENTDATETIMEID_INCREMENTOR" ENABLE;
--------------------------------------------------------
--  DDL for Trigger APPOINTMENTID_INCREMENTOR
--------------------------------------------------------

  CREATE OR REPLACE EDITIONABLE TRIGGER "ASSIGNMENTADMIN"."APPOINTMENTID_INCREMENTOR" 
BEFORE INSERT ON APPOINTMENTS
FOR EACH ROW
BEGIN
  :NEW.appointmentID := appointmentID_SEQ.NEXTVAL;
END;

/
ALTER TRIGGER "ASSIGNMENTADMIN"."APPOINTMENTID_INCREMENTOR" ENABLE;
--------------------------------------------------------
--  DDL for Trigger CUSTOMERFNAMEID_INCREMENTOR
--------------------------------------------------------

  CREATE OR REPLACE EDITIONABLE TRIGGER "ASSIGNMENTADMIN"."CUSTOMERFNAMEID_INCREMENTOR" 
BEFORE INSERT ON CUSTOMER_FNAMES
FOR EACH ROW
BEGIN
  :NEW.customer_fnameID := customer_fname_SEQ.NEXTVAL;
END;

/
ALTER TRIGGER "ASSIGNMENTADMIN"."CUSTOMERFNAMEID_INCREMENTOR" ENABLE;
--------------------------------------------------------
--  DDL for Trigger CUSTOMERLNAMEID_INCREMENTOR
--------------------------------------------------------

  CREATE OR REPLACE EDITIONABLE TRIGGER "ASSIGNMENTADMIN"."CUSTOMERLNAMEID_INCREMENTOR" 
BEFORE INSERT ON CUSTOMER_LNAMES
FOR EACH ROW
BEGIN
  :NEW.customer_lnameID := customer_lname_SEQ.NEXTVAL;
END;

/
ALTER TRIGGER "ASSIGNMENTADMIN"."CUSTOMERLNAMEID_INCREMENTOR" ENABLE;
--------------------------------------------------------
--  DDL for Trigger CUSTOMERSID_INCREMENTOR
--------------------------------------------------------

  CREATE OR REPLACE EDITIONABLE TRIGGER "ASSIGNMENTADMIN"."CUSTOMERSID_INCREMENTOR" 
BEFORE INSERT ON CUSTOMERS
FOR EACH ROW
BEGIN
  :NEW.customerID := customerID_SEQ.NEXTVAL;
END;

/
ALTER TRIGGER "ASSIGNMENTADMIN"."CUSTOMERSID_INCREMENTOR" ENABLE;
--------------------------------------------------------
--  DDL for Trigger CUST_APPLIANCEID_INCREMENTOR
--------------------------------------------------------

  CREATE OR REPLACE EDITIONABLE TRIGGER "ASSIGNMENTADMIN"."CUST_APPLIANCEID_INCREMENTOR" 
BEFORE INSERT ON CUST_APPLIANCES
FOR EACH ROW
BEGIN
  :NEW.cust_applianceID := cust_appliances_SEQ.NEXTVAL;
END;

/
ALTER TRIGGER "ASSIGNMENTADMIN"."CUST_APPLIANCEID_INCREMENTOR" ENABLE;
--------------------------------------------------------
--  DDL for Trigger DATETIMEID_INCREMENTOR
--------------------------------------------------------

  CREATE OR REPLACE EDITIONABLE TRIGGER "ASSIGNMENTADMIN"."DATETIMEID_INCREMENTOR" 
BEFORE INSERT ON DATETIMES
FOR EACH ROW
BEGIN
  :NEW.datetimeID := datetimeID_SEQ.NEXTVAL;
END;

/
ALTER TRIGGER "ASSIGNMENTADMIN"."DATETIMEID_INCREMENTOR" ENABLE;
--------------------------------------------------------
--  DDL for Trigger FNAMEID_INCREMENTOR
--------------------------------------------------------

  CREATE OR REPLACE EDITIONABLE TRIGGER "ASSIGNMENTADMIN"."FNAMEID_INCREMENTOR" 
BEFORE INSERT ON FNAMES
FOR EACH ROW
BEGIN
  :NEW.fnameID := fnameID_SEQ.NEXTVAL;
END;

/
ALTER TRIGGER "ASSIGNMENTADMIN"."FNAMEID_INCREMENTOR" ENABLE;
--------------------------------------------------------
--  DDL for Trigger INSERT_APPOINTMENTS_VIEW
--------------------------------------------------------

  CREATE OR REPLACE EDITIONABLE TRIGGER "ASSIGNMENTADMIN"."INSERT_APPOINTMENTS_VIEW" 
INSTEAD OF INSERT ON APPOINTMENTS_VIEW
FOR EACH ROW
DECLARE

v_appointmentID APPOINTMENTS.appointmentID%TYPE;
v_datetimeID DATETIMES.datetimeID%TYPE;

BEGIN

    -- Insert into the APPOINTMENTS table
    INSERT INTO APPOINTMENTS (appointmentID, customerID, applianceID, technicianID, reason, quote)
    VALUES (auto_increment.nextval, :NEW.customerID, :NEW.applianceID, :NEW.technicianID, :NEW.reason, :NEW.quote)
    RETURNING appointmentID INTO v_appointmentID;

    --Insert into DATETIMES table
    INSERT INTO DATETIMES (datetimeID, datetime)
    VALUES (auto_increment.nextval, :NEW.datetime)
    RETURNING datetimeID INTO v_datetimeID;

    -- Insert into APPOINTMENT_DATETIME table
    INSERT INTO APPOINTMENT_DATETIME (appointmentdatetimeID, appointmentID, datetimeID, starttime, endtime)
    VALUES (auto_increment.nextval, v_appointmentID, v_datetimeID, SYSTIMESTAMP, NULL);

EXCEPTION
    WHEN OTHERS THEN
    RAISE_APPLICATION_ERROR (-20000, 'An error occurred during insert. Insert not committed.');
END;

/
ALTER TRIGGER "ASSIGNMENTADMIN"."INSERT_APPOINTMENTS_VIEW" ENABLE;
--------------------------------------------------------
--  DDL for Trigger INSERT_CUSTOMERS_VIEW
--------------------------------------------------------

  CREATE OR REPLACE EDITIONABLE TRIGGER "ASSIGNMENTADMIN"."INSERT_CUSTOMERS_VIEW" 
INSTEAD OF INSERT ON CUSTOMERS_VIEW
FOR EACH ROW
DECLARE
    v_fnameID FNAMES.fnameID%TYPE;
    v_lnameID LNAMES.lnameID%TYPE;
    v_customerID CUSTOMERS.customerID%TYPE;
BEGIN

    -- Insert values into underlying CUSTOMERS table with auto-generated ID
    INSERT INTO CUSTOMERS (customerID, email, phone)
    VALUES (auto_increment.nextval, :NEW.email, :NEW.phone)
    RETURNING customerID INTO v_customerID;

    -- Insert values into underlying FNAMES table and retrieve the generated ID
    INSERT INTO FNAMES (fnameID, firstName)
    VALUES (auto_increment.nextval, :NEW.firstName)
    RETURNING fnameID INTO v_fnameID;

    -- Insert into underlying LNAMES table and retrieve the generated ID
    INSERT INTO LNAMES (lnameID, lastName)
    VALUES (auto_increment.nextval, :NEW.lastName)
    RETURNING lnameID INTO v_lnameID;

    -- Insert into CUSTOMER_FNAMES association table
    INSERT INTO CUSTOMER_FNAMES(customerid, fnameID, starttime, endtime)
    VALUES (v_customerID, v_fnameID, SYSTIMESTAMP, NULL);

    -- Insert into CUSTOMER_LNAMES association table
    INSERT INTO CUSTOMER_LNAMES(customerid, lnameID, starttime, endtime)
    VALUES (v_customerID, v_lnameID, SYSTIMESTAMP, NULL); 
EXCEPTION
    WHEN OTHERS THEN
    RAISE_APPLICATION_ERROR (-20000, 'An error occurred during insert. Insert not committed.');
END;

/
ALTER TRIGGER "ASSIGNMENTADMIN"."INSERT_CUSTOMERS_VIEW" ENABLE;
--------------------------------------------------------
--  DDL for Trigger LNAMEID_INCREMENTOR
--------------------------------------------------------

  CREATE OR REPLACE EDITIONABLE TRIGGER "ASSIGNMENTADMIN"."LNAMEID_INCREMENTOR" 
BEFORE INSERT ON LNAMES
FOR EACH ROW
BEGIN
  :NEW.lnameID := lnameID_SEQ.NEXTVAL;
END;

/
ALTER TRIGGER "ASSIGNMENTADMIN"."LNAMEID_INCREMENTOR" ENABLE;
--------------------------------------------------------
--  DDL for Trigger TECHNICIANID_INCREMENTOR
--------------------------------------------------------

  CREATE OR REPLACE EDITIONABLE TRIGGER "ASSIGNMENTADMIN"."TECHNICIANID_INCREMENTOR" 
BEFORE INSERT ON TECHNICIANS
FOR EACH ROW
BEGIN
  :NEW.technicianID := technicianID_SEQ.NEXTVAL;
END;

/
ALTER TRIGGER "ASSIGNMENTADMIN"."TECHNICIANID_INCREMENTOR" ENABLE;
--------------------------------------------------------
--  DDL for Trigger APPLIANCEID_INCREMENTOR
--------------------------------------------------------

  CREATE OR REPLACE EDITIONABLE TRIGGER "ASSIGNMENTADMIN"."APPLIANCEID_INCREMENTOR" 
BEFORE INSERT ON APPLIANCES
FOR EACH ROW
BEGIN
  :NEW.applianceID := applianceID_SEQ.NEXTVAL;
END;

/
ALTER TRIGGER "ASSIGNMENTADMIN"."APPLIANCEID_INCREMENTOR" ENABLE;
--------------------------------------------------------
--  DDL for Trigger APPOINTMENTID_INCREMENTOR
--------------------------------------------------------

  CREATE OR REPLACE EDITIONABLE TRIGGER "ASSIGNMENTADMIN"."APPOINTMENTID_INCREMENTOR" 
BEFORE INSERT ON APPOINTMENTS
FOR EACH ROW
BEGIN
  :NEW.appointmentID := appointmentID_SEQ.NEXTVAL;
END;

/
ALTER TRIGGER "ASSIGNMENTADMIN"."APPOINTMENTID_INCREMENTOR" ENABLE;
--------------------------------------------------------
--  DDL for Trigger APPOINTMENTDATETIMEID_INCREMENTOR
--------------------------------------------------------

  CREATE OR REPLACE EDITIONABLE TRIGGER "ASSIGNMENTADMIN"."APPOINTMENTDATETIMEID_INCREMENTOR" 
BEFORE INSERT ON APPOINTMENT_DATETIME
FOR EACH ROW
BEGIN
  :NEW.appointmentdatetimeID := app_datetimeID_SEQ.NEXTVAL;
END;

/
ALTER TRIGGER "ASSIGNMENTADMIN"."APPOINTMENTDATETIMEID_INCREMENTOR" ENABLE;
--------------------------------------------------------
--  DDL for Trigger CUSTOMERSID_INCREMENTOR
--------------------------------------------------------

  CREATE OR REPLACE EDITIONABLE TRIGGER "ASSIGNMENTADMIN"."CUSTOMERSID_INCREMENTOR" 
BEFORE INSERT ON CUSTOMERS
FOR EACH ROW
BEGIN
  :NEW.customerID := customerID_SEQ.NEXTVAL;
END;

/
ALTER TRIGGER "ASSIGNMENTADMIN"."CUSTOMERSID_INCREMENTOR" ENABLE;
--------------------------------------------------------
--  DDL for Trigger CUSTOMERFNAMEID_INCREMENTOR
--------------------------------------------------------

  CREATE OR REPLACE EDITIONABLE TRIGGER "ASSIGNMENTADMIN"."CUSTOMERFNAMEID_INCREMENTOR" 
BEFORE INSERT ON CUSTOMER_FNAMES
FOR EACH ROW
BEGIN
  :NEW.customer_fnameID := customer_fname_SEQ.NEXTVAL;
END;

/
ALTER TRIGGER "ASSIGNMENTADMIN"."CUSTOMERFNAMEID_INCREMENTOR" ENABLE;
--------------------------------------------------------
--  DDL for Trigger CUSTOMERLNAMEID_INCREMENTOR
--------------------------------------------------------

  CREATE OR REPLACE EDITIONABLE TRIGGER "ASSIGNMENTADMIN"."CUSTOMERLNAMEID_INCREMENTOR" 
BEFORE INSERT ON CUSTOMER_LNAMES
FOR EACH ROW
BEGIN
  :NEW.customer_lnameID := customer_lname_SEQ.NEXTVAL;
END;

/
ALTER TRIGGER "ASSIGNMENTADMIN"."CUSTOMERLNAMEID_INCREMENTOR" ENABLE;
--------------------------------------------------------
--  DDL for Trigger CUST_APPLIANCEID_INCREMENTOR
--------------------------------------------------------

  CREATE OR REPLACE EDITIONABLE TRIGGER "ASSIGNMENTADMIN"."CUST_APPLIANCEID_INCREMENTOR" 
BEFORE INSERT ON CUST_APPLIANCES
FOR EACH ROW
BEGIN
  :NEW.cust_applianceID := cust_appliances_SEQ.NEXTVAL;
END;

/
ALTER TRIGGER "ASSIGNMENTADMIN"."CUST_APPLIANCEID_INCREMENTOR" ENABLE;
--------------------------------------------------------
--  DDL for Trigger DATETIMEID_INCREMENTOR
--------------------------------------------------------

  CREATE OR REPLACE EDITIONABLE TRIGGER "ASSIGNMENTADMIN"."DATETIMEID_INCREMENTOR" 
BEFORE INSERT ON DATETIMES
FOR EACH ROW
BEGIN
  :NEW.datetimeID := datetimeID_SEQ.NEXTVAL;
END;

/
ALTER TRIGGER "ASSIGNMENTADMIN"."DATETIMEID_INCREMENTOR" ENABLE;
--------------------------------------------------------
--  DDL for Trigger FNAMEID_INCREMENTOR
--------------------------------------------------------

  CREATE OR REPLACE EDITIONABLE TRIGGER "ASSIGNMENTADMIN"."FNAMEID_INCREMENTOR" 
BEFORE INSERT ON FNAMES
FOR EACH ROW
BEGIN
  :NEW.fnameID := fnameID_SEQ.NEXTVAL;
END;

/
ALTER TRIGGER "ASSIGNMENTADMIN"."FNAMEID_INCREMENTOR" ENABLE;
--------------------------------------------------------
--  DDL for Trigger LNAMEID_INCREMENTOR
--------------------------------------------------------

  CREATE OR REPLACE EDITIONABLE TRIGGER "ASSIGNMENTADMIN"."LNAMEID_INCREMENTOR" 
BEFORE INSERT ON LNAMES
FOR EACH ROW
BEGIN
  :NEW.lnameID := lnameID_SEQ.NEXTVAL;
END;

/
ALTER TRIGGER "ASSIGNMENTADMIN"."LNAMEID_INCREMENTOR" ENABLE;
--------------------------------------------------------
--  DDL for Trigger TECHNICIANID_INCREMENTOR
--------------------------------------------------------

  CREATE OR REPLACE EDITIONABLE TRIGGER "ASSIGNMENTADMIN"."TECHNICIANID_INCREMENTOR" 
BEFORE INSERT ON TECHNICIANS
FOR EACH ROW
BEGIN
  :NEW.technicianID := technicianID_SEQ.NEXTVAL;
END;

/
ALTER TRIGGER "ASSIGNMENTADMIN"."TECHNICIANID_INCREMENTOR" ENABLE;
--------------------------------------------------------
--  Constraints for Table APPLIANCES
--------------------------------------------------------

  ALTER TABLE "ASSIGNMENTADMIN"."APPLIANCES" MODIFY ("APPLIANCETYPE" NOT NULL ENABLE);
  ALTER TABLE "ASSIGNMENTADMIN"."APPLIANCES" MODIFY ("APPLIANCENAME" NOT NULL ENABLE);
  ALTER TABLE "ASSIGNMENTADMIN"."APPLIANCES" ADD PRIMARY KEY ("APPLIANCEID")
  USING INDEX PCTFREE 10 INITRANS 2 MAXTRANS 255 COMPUTE STATISTICS 
  STORAGE(INITIAL 65536 NEXT 1048576 MINEXTENTS 1 MAXEXTENTS 2147483645
  PCTINCREASE 0 FREELISTS 1 FREELIST GROUPS 1
  BUFFER_POOL DEFAULT FLASH_CACHE DEFAULT CELL_FLASH_CACHE DEFAULT)
  TABLESPACE "ASSIGNMENT2"  ENABLE;
--------------------------------------------------------
--  Constraints for Table APPOINTMENTS
--------------------------------------------------------

  ALTER TABLE "ASSIGNMENTADMIN"."APPOINTMENTS" ADD PRIMARY KEY ("APPOINTMENTID")
  USING INDEX PCTFREE 10 INITRANS 2 MAXTRANS 255 COMPUTE STATISTICS 
  STORAGE(INITIAL 65536 NEXT 1048576 MINEXTENTS 1 MAXEXTENTS 2147483645
  PCTINCREASE 0 FREELISTS 1 FREELIST GROUPS 1
  BUFFER_POOL DEFAULT FLASH_CACHE DEFAULT CELL_FLASH_CACHE DEFAULT)
  TABLESPACE "ASSIGNMENT2"  ENABLE;
--------------------------------------------------------
--  Constraints for Table APPOINTMENT_DATETIME
--------------------------------------------------------

  ALTER TABLE "ASSIGNMENTADMIN"."APPOINTMENT_DATETIME" ADD PRIMARY KEY ("APPOINTMENTDATETIMEID")
  USING INDEX PCTFREE 10 INITRANS 2 MAXTRANS 255 COMPUTE STATISTICS 
  STORAGE(INITIAL 65536 NEXT 1048576 MINEXTENTS 1 MAXEXTENTS 2147483645
  PCTINCREASE 0 FREELISTS 1 FREELIST GROUPS 1
  BUFFER_POOL DEFAULT FLASH_CACHE DEFAULT CELL_FLASH_CACHE DEFAULT)
  TABLESPACE "ASSIGNMENT2"  ENABLE;
--------------------------------------------------------
--  Constraints for Table CUSTOMERS
--------------------------------------------------------

  ALTER TABLE "ASSIGNMENTADMIN"."CUSTOMERS" MODIFY ("EMAIL" NOT NULL ENABLE);
  ALTER TABLE "ASSIGNMENTADMIN"."CUSTOMERS" MODIFY ("PHONE" NOT NULL ENABLE);
  ALTER TABLE "ASSIGNMENTADMIN"."CUSTOMERS" ADD PRIMARY KEY ("CUSTOMERID")
  USING INDEX PCTFREE 10 INITRANS 2 MAXTRANS 255 COMPUTE STATISTICS 
  STORAGE(INITIAL 65536 NEXT 1048576 MINEXTENTS 1 MAXEXTENTS 2147483645
  PCTINCREASE 0 FREELISTS 1 FREELIST GROUPS 1
  BUFFER_POOL DEFAULT FLASH_CACHE DEFAULT CELL_FLASH_CACHE DEFAULT)
  TABLESPACE "ASSIGNMENT2"  ENABLE;
--------------------------------------------------------
--  Constraints for Table CUSTOMER_FNAMES
--------------------------------------------------------

  ALTER TABLE "ASSIGNMENTADMIN"."CUSTOMER_FNAMES" ADD PRIMARY KEY ("CUSTOMER_FNAMEID")
  USING INDEX PCTFREE 10 INITRANS 2 MAXTRANS 255 COMPUTE STATISTICS 
  STORAGE(INITIAL 65536 NEXT 1048576 MINEXTENTS 1 MAXEXTENTS 2147483645
  PCTINCREASE 0 FREELISTS 1 FREELIST GROUPS 1
  BUFFER_POOL DEFAULT FLASH_CACHE DEFAULT CELL_FLASH_CACHE DEFAULT)
  TABLESPACE "ASSIGNMENT2"  ENABLE;
--------------------------------------------------------
--  Constraints for Table CUSTOMER_LNAMES
--------------------------------------------------------

  ALTER TABLE "ASSIGNMENTADMIN"."CUSTOMER_LNAMES" ADD PRIMARY KEY ("CUSTOMER_LNAMEID")
  USING INDEX PCTFREE 10 INITRANS 2 MAXTRANS 255 COMPUTE STATISTICS 
  STORAGE(INITIAL 65536 NEXT 1048576 MINEXTENTS 1 MAXEXTENTS 2147483645
  PCTINCREASE 0 FREELISTS 1 FREELIST GROUPS 1
  BUFFER_POOL DEFAULT FLASH_CACHE DEFAULT CELL_FLASH_CACHE DEFAULT)
  TABLESPACE "ASSIGNMENT2"  ENABLE;
--------------------------------------------------------
--  Constraints for Table CUST_APPLIANCES
--------------------------------------------------------

  ALTER TABLE "ASSIGNMENTADMIN"."CUST_APPLIANCES" ADD PRIMARY KEY ("CUST_APPLIANCEID")
  USING INDEX PCTFREE 10 INITRANS 2 MAXTRANS 255 COMPUTE STATISTICS 
  STORAGE(INITIAL 65536 NEXT 1048576 MINEXTENTS 1 MAXEXTENTS 2147483645
  PCTINCREASE 0 FREELISTS 1 FREELIST GROUPS 1
  BUFFER_POOL DEFAULT FLASH_CACHE DEFAULT CELL_FLASH_CACHE DEFAULT)
  TABLESPACE "ASSIGNMENT2"  ENABLE;
--------------------------------------------------------
--  Constraints for Table DATETIMES
--------------------------------------------------------

  ALTER TABLE "ASSIGNMENTADMIN"."DATETIMES" MODIFY ("DATETIME" NOT NULL ENABLE);
  ALTER TABLE "ASSIGNMENTADMIN"."DATETIMES" ADD PRIMARY KEY ("DATETIMEID")
  USING INDEX PCTFREE 10 INITRANS 2 MAXTRANS 255 COMPUTE STATISTICS 
  STORAGE(INITIAL 65536 NEXT 1048576 MINEXTENTS 1 MAXEXTENTS 2147483645
  PCTINCREASE 0 FREELISTS 1 FREELIST GROUPS 1
  BUFFER_POOL DEFAULT FLASH_CACHE DEFAULT CELL_FLASH_CACHE DEFAULT)
  TABLESPACE "ASSIGNMENT2"  ENABLE;
--------------------------------------------------------
--  Constraints for Table FNAMES
--------------------------------------------------------

  ALTER TABLE "ASSIGNMENTADMIN"."FNAMES" MODIFY ("FIRSTNAME" NOT NULL ENABLE);
  ALTER TABLE "ASSIGNMENTADMIN"."FNAMES" ADD PRIMARY KEY ("FNAMEID")
  USING INDEX PCTFREE 10 INITRANS 2 MAXTRANS 255 COMPUTE STATISTICS 
  STORAGE(INITIAL 65536 NEXT 1048576 MINEXTENTS 1 MAXEXTENTS 2147483645
  PCTINCREASE 0 FREELISTS 1 FREELIST GROUPS 1
  BUFFER_POOL DEFAULT FLASH_CACHE DEFAULT CELL_FLASH_CACHE DEFAULT)
  TABLESPACE "ASSIGNMENT2"  ENABLE;
--------------------------------------------------------
--  Constraints for Table LNAMES
--------------------------------------------------------

  ALTER TABLE "ASSIGNMENTADMIN"."LNAMES" MODIFY ("LASTNAME" NOT NULL ENABLE);
  ALTER TABLE "ASSIGNMENTADMIN"."LNAMES" ADD PRIMARY KEY ("LNAMEID")
  USING INDEX PCTFREE 10 INITRANS 2 MAXTRANS 255 COMPUTE STATISTICS 
  STORAGE(INITIAL 65536 NEXT 1048576 MINEXTENTS 1 MAXEXTENTS 2147483645
  PCTINCREASE 0 FREELISTS 1 FREELIST GROUPS 1
  BUFFER_POOL DEFAULT FLASH_CACHE DEFAULT CELL_FLASH_CACHE DEFAULT)
  TABLESPACE "ASSIGNMENT2"  ENABLE;
--------------------------------------------------------
--  Constraints for Table TECHNICIANS
--------------------------------------------------------

  ALTER TABLE "ASSIGNMENTADMIN"."TECHNICIANS" MODIFY ("FIRSTNAME" NOT NULL ENABLE);
  ALTER TABLE "ASSIGNMENTADMIN"."TECHNICIANS" MODIFY ("LASTNAME" NOT NULL ENABLE);
  ALTER TABLE "ASSIGNMENTADMIN"."TECHNICIANS" ADD PRIMARY KEY ("TECHNICIANID")
  USING INDEX PCTFREE 10 INITRANS 2 MAXTRANS 255 COMPUTE STATISTICS 
  STORAGE(INITIAL 65536 NEXT 1048576 MINEXTENTS 1 MAXEXTENTS 2147483645
  PCTINCREASE 0 FREELISTS 1 FREELIST GROUPS 1
  BUFFER_POOL DEFAULT FLASH_CACHE DEFAULT CELL_FLASH_CACHE DEFAULT)
  TABLESPACE "ASSIGNMENT2"  ENABLE;
--------------------------------------------------------
--  Ref Constraints for Table APPOINTMENTS
--------------------------------------------------------

  ALTER TABLE "ASSIGNMENTADMIN"."APPOINTMENTS" ADD CONSTRAINT "FK_APPOINTMENT_APPLIANCE" FOREIGN KEY ("APPLIANCEID")
	  REFERENCES "ASSIGNMENTADMIN"."APPLIANCES" ("APPLIANCEID") ENABLE;
  ALTER TABLE "ASSIGNMENTADMIN"."APPOINTMENTS" ADD CONSTRAINT "FK_APPOINTMENT_TECHNICIAN" FOREIGN KEY ("TECHNICIANID")
	  REFERENCES "ASSIGNMENTADMIN"."TECHNICIANS" ("TECHNICIANID") ENABLE;
  ALTER TABLE "ASSIGNMENTADMIN"."APPOINTMENTS" ADD CONSTRAINT "FK_APPOINTMENT_CUSTOMER" FOREIGN KEY ("CUSTOMERID")
	  REFERENCES "ASSIGNMENTADMIN"."CUSTOMERS" ("CUSTOMERID") ENABLE;
--------------------------------------------------------
--  Ref Constraints for Table APPOINTMENT_DATETIME
--------------------------------------------------------

  ALTER TABLE "ASSIGNMENTADMIN"."APPOINTMENT_DATETIME" ADD FOREIGN KEY ("APPOINTMENTID")
	  REFERENCES "ASSIGNMENTADMIN"."APPOINTMENTS" ("APPOINTMENTID") ENABLE;
  ALTER TABLE "ASSIGNMENTADMIN"."APPOINTMENT_DATETIME" ADD FOREIGN KEY ("DATETIMEID")
	  REFERENCES "ASSIGNMENTADMIN"."DATETIMES" ("DATETIMEID") ENABLE;
--------------------------------------------------------
--  Ref Constraints for Table CUSTOMER_FNAMES
--------------------------------------------------------

  ALTER TABLE "ASSIGNMENTADMIN"."CUSTOMER_FNAMES" ADD FOREIGN KEY ("CUSTOMERID")
	  REFERENCES "ASSIGNMENTADMIN"."CUSTOMERS" ("CUSTOMERID") ENABLE;
  ALTER TABLE "ASSIGNMENTADMIN"."CUSTOMER_FNAMES" ADD FOREIGN KEY ("FNAMEID")
	  REFERENCES "ASSIGNMENTADMIN"."FNAMES" ("FNAMEID") ENABLE;
--------------------------------------------------------
--  Ref Constraints for Table CUSTOMER_LNAMES
--------------------------------------------------------

  ALTER TABLE "ASSIGNMENTADMIN"."CUSTOMER_LNAMES" ADD FOREIGN KEY ("CUSTOMERID")
	  REFERENCES "ASSIGNMENTADMIN"."CUSTOMERS" ("CUSTOMERID") ENABLE;
  ALTER TABLE "ASSIGNMENTADMIN"."CUSTOMER_LNAMES" ADD FOREIGN KEY ("LNAMEID")
	  REFERENCES "ASSIGNMENTADMIN"."LNAMES" ("LNAMEID") ENABLE;
--------------------------------------------------------
--  Ref Constraints for Table CUST_APPLIANCES
--------------------------------------------------------

  ALTER TABLE "ASSIGNMENTADMIN"."CUST_APPLIANCES" ADD FOREIGN KEY ("CUSTOMERID")
	  REFERENCES "ASSIGNMENTADMIN"."CUSTOMERS" ("CUSTOMERID") ENABLE;
  ALTER TABLE "ASSIGNMENTADMIN"."CUST_APPLIANCES" ADD FOREIGN KEY ("APPLIANCEID")
	  REFERENCES "ASSIGNMENTADMIN"."APPLIANCES" ("APPLIANCEID") ENABLE;
